File_Path,Speaker,Transcription,Session
03M_1,03M,1 2 3 4 5 6 7 8 9 10,1
03M_2,03M,ata,2
03M_3,03M,ana,3
03M_4,03M,ara,4
03M_5,03M,atha,5
03M_6,03M,asa,6
03M_7,03M,asha,7
03M_8,03M,ala,8
03M_9,03M,aya,9
03M_10,03M,aka,10
03M_11,03M,acha,11
03M_12,03M,bang,12
03M_13,03M,apa,13
03M_14,03M,ama,14
03M_15,03M,afa,15
03M_16,03M,awa,16
03M_17,03M,iki,17
03M_18,03M,oko,18
03M_19,03M,iti,19
03M_20,03M,oto,20
03M_21,03M,"a sock, a tore, a chore, a chip",21
03M_22,03M,"a she, a kip, a sore, a chop",22
03M_23,03M,"a chew, a shack, a ship, a cool",23
03M_24,03M,"a keep, a shoot, a chap, a suit",24
03M_25,03M,"a core, a sip, a cop, a tool",25
03M_25v2,03M,"a core, a sip, a cop, a tool",25v2
03M_26,03M,"a tip, a top, a sea, a tan",26
03M_27,03M,"a can, a cheer, a shock, a sack",27
03M_28,03M,"a shore, a team",28
03M_29,03M,Naughty Neil saw a robin in a nest,29
03M_30,03M,Tiny Tim is putting a hat on,30
03M_31,03M,My daddy mended a door,31
03M_32,03M,I saw Sam sitting on a bus,32
03M_33,03M,Funny Shaun is washing a dirty dish,33
03M_34,03M,Cheeky Charlie's watching a football match,34
03M_35,03M,Jolly John's got a magic badge,35
03M_36,03M,Happy Karen is making a cake,36
03M_37,03M,Baby Gary's got a bag of Lego,37
03M_38,03M,The puppy is playing with a rope,38
03M_39,03M,Bouncy Bob is a baby boy,39
03M_40,03M,The hamster scrambled up Stewart's sleeve,40
03M_41,03M,The nasty boy tossed the basket into the box,41
03M_6v2,03M,asa,6v2
03M_7v2,03M,asha,7v2
03M_11v2,03M,acha,11v2
03M_32v2,03M,I saw Sam sitting on a bus,32v2
03M_33v2,03M,Funny Shaun is washing a dirty dish,33v2
03M_34v2,03M,Cheeky Charlie's watching a football match,34v2
03M_35v2,03M,Jolly John's got a magic badge,35v2
03M_40v2,03M,The hamster scrambled up Stewart's sleeve,40v2
03M_41v2,03M,The nasty boy tossed the basket into the box,41v2
02M_1,02M,1 2 3 4 5 6 7 8 9 10,1
02M_2,02M,ata,2
02M_3,02M,ana,3
02M_4,02M,ara,4
02M_5,02M,atha,5
02M_6,02M,asa,6
02M_6v2,02M,asa,6v2
02M_7,02M,asha,7
02M_7v2,02M,asha,7v2
02M_8,02M,ala,8
02M_9,02M,aya,9
02M_10,02M,aka,10
02M_11,02M,acha,11
02M_11v2,02M,acha,11v2
02M_11v3,02M,acha,11v3
02M_12,02M,bang,12
02M_13,02M,apa,13
02M_14,02M,ama,14
02M_15,02M,afa,15
02M_16,02M,awa,16
02M_17,02M,iki,17
02M_18,02M,oko,18
02M_19,02M,iti,19
02M_20,02M,oto,20
02M_21,02M,"a sock, a tore, a chore, a chip",21
02M_22,02M,"a she, a kip, a sore, a chop",22
02M_23,02M,"a chew, a shack, a ship, a cool",23
02M_24,02M,"a keep, a shoot, a chap, a suit",24
02M_25,02M,"a core, sip, a cop, a tool",25
02M_26,02M,"a tip, a top, a sea, a tan",26
02M_27,02M,"a can, a cheer, a shock, a sack",27
02M_28,02M,"a shore, a team",28
02M_29,02M,Naughty Neil saw a robin in a nest,29
02M_30,02M,Tiny Tim is putting a hat on,30
02M_31,02M,My daddy mended a door,31
02M_32,02M,I saw Sam sitting on a bus,32
02M_32v2,02M,I saw Sam sitting on a bus,32v2
02M_33,02M,Funny Shaun is washing a dirty dish,33
02M_33v2,02M,Funny Shaun is washing a dirty dish,33v2
02M_34,02M,Cheeky Charlie's watching a football match,34
02M_34v2,02M,Cheeky Charlie's watching a football match,34v2
02M_35,02M,Jolly John's got a magic badge,35
02M_35v2,02M,Jolly John's got a magic badge,35v2
02M_35v3,02M,Jolly John's got a magic badge,35v3
02M_36,02M,Happy Karen is making a cake,36
02M_37,02M,Baby Gary's got a bag of Lego,37
02M_38,02M,The puppy is playing with a rope,38
02M_39,02M,Bouncy Bob is a baby boy,39
02M_40,02M,The phone fell off the shelf,40
02M_41,02M,The hamster scrambled up Stewart's sleeve,41
02M_41v2,02M,The hamster scrambled up Stewart's sleeve,41v2
02M_42,02M,The nasty boy tossed the basket into the box,42
02M_42v2,02M,The nasty boy tossed the basket into the box,42v2
01M_1,01M,1 2 3 4 5 6 7 8 9 10,1
01M_2,01M,ata,2
01M_3,01M,ana,3
01M_5,01M,atha,5
01M_6,01M,asa,6
01M_6v2,01M,asa,6v2
01M_6v3,01M,asa,6v3
01M_7,01M,asha,7
01M_7v2,01M,asha,7v2
01M_8,01M,ala,8
01M_9,01M,aya,9
01M_10,01M,aka,10
01M_13,01M,apa,13
01M_15,01M,afa,15
01M_16,01M,awa,16
01M_17,01M,iki,17
01M_18,01M,oko,18
01M_19,01M,iti,19
01M_20,01M,oto,20
01M_21,01M,"a sock, a tore, a chore, a chip",21
01M_21v2,01M,"a sock, a tore, a chore, a chip",21v2
01M_22,01M,"a she, a kip, a sore, a chop",22
01M_23,01M,"a chew, a shack, a ship, a cool",23
01M_24,01M,"a keep, a shoot, a chap, a suit",24
01M_25,01M,"a core, a sip, a cop, a tool",25
01M_26,01M,"a tip, a top, a sea, a tan",26
01M_27,01M,"a can, a cheer, a shock, a sack",27
01M_28,01M,"a shore, a team",28
01M_29,01M,Naughty Neil saw a robin in a nest,29
01M_30,01M,Tiny Tim is putting a hat on,30
01M_31,01M,My daddy mended a door,31
01M_32,01M,I saw Sam sitting on a bus,32
01M_33,01M,Funny Shaun is washing a dirty dish,33
01M_33v2,01M,Funny Shaun is washing a dirty dish,33v2
01M_34,01M,Cheeky Charlie's watching a football match,34
01M_34v2,01M,Cheeky Charlie's watching a football match,34v2
01M_35,01M,Jolly John's got a magic badge,35
01M_35v2,01M,Jolly John's got a magic badge,35v2
01M_36,01M,Happy Karen is making a cake,36
01M_37,01M,Baby Gary's got a bag of Lego,37
01M_38,01M,The puppy is playing with a rope,38
01M_39,01M,Bouncy Bob is a baby boy,39
01M_40,01M,The phone fell off the shelf,40
01M_41,01M,The hamster scrambled up Stewart's sleeve,41
01M_41v2,01M,The hamster scrambled up Stewart's sleeve,41v2
01M_42,01M,The nasty boy tossed the basket into the box,42
01M_43,01M,a jog a deer a goal a tar,43
01M_44,01M,a jeep a dawn a hook a bendy,44
01M_45,01M,a tape a badge an angel a watching,45
01M_46,01M,an adding a goose a hoot a chore,46
01M_47,01M,a beach a tan a chop a gap,47
01M_48,01M,a team a jaw a peeking a can,48
01M_49,01M,a top a gone a chap a jam,49
01M_50,01M,a mint a beat a gear a juice,50
01M_51,01M,a keep a monkey a doom a pat,51
01M_52,01M,a match a cape a tore a cop,52
01M_53,01M,a chair a cool a car a badger,53
01M_54,01M,a beak a chew a tool a cheer,54
01M_55,01M,car girl moon knife,55
01M_55v2,01M,car girl moon knife,55v2
01M_56,01M,pig bird teeth door,56
01M_57,01M,jam legs ring watch,57
01F_1,01F,1 2 3 4 5 6 7 8 9 10,1
01F_2,01F,ata,2
01F_3,01F,ana,3
01F_4,01F,ara,4
01F_5,01F,atha,5
01F_6,01F,asa,6
01F_6v2,01F,asa,6v2
01F_7,01F,asha,7
01F_7v2,01F,asha,7v2
01F_8,01F,ala,8
01F_9,01F,aya,9
01F_10,01F,aka,10
01F_11,01F,acha,11
01F_11v2,01F,acha,11v2
01F_12,01F,bang,12
01F_13,01F,apa,13
01F_14,01F,ama,14
01F_15,01F,afa,15
01F_16,01F,awa,16
01F_17,01F,iki,17
01F_18,01F,oko,18
01F_19,01F,iti,19
01F_20,01F,oto,20
01F_21,01F,"a sock, a tore, a chore, a chip",21
01F_22,01F,"a she, a kip, a sore, a chop",22
01F_23,01F,"a chew, a shack, a ship, a cool",23
01F_24,01F,"a keep, a shoot, a chap, a suit",24
01F_25,01F,"a core, a sip, a cop, a tool",25
01F_26,01F,"a tip, a top, a sea, a tan",26
01F_27,01F,"a can, a cheer, a shock, a sack",27
01F_28,01F,"a shore, a team",28
01F_29,01F,Naughty Neil saw a robin in a nest,29
01F_30,01F,Tiny Tim is putting a hat on,30
01F_31,01F,My daddy mended a door,31
01F_32,01F,I saw Sam sitting on a bus,32
01F_32v2,01F,I saw Sam sitting on a bus,32v2
01F_33,01F,Funny Shaun is washing a dirty dish,33
01F_33v2,01F,Funny Shaun is washing a dirty dish,33v2
01F_34,01F,Cheeky Charlie's watching a football match,34
01F_34v2,01F,Cheeky Charlie's watching a football match,34v2
01F_35,01F,Jolly John's got a magic badge,35
01F_35v2,01F,Jolly John's got a magic badge,35v2
01F_36,01F,Happy Karen is making a cake,36
01F_37,01F,Baby Gary's got a bag of Lego,37
01F_38,01F,The puppy is playing with a rope,38
01F_39,01F,Bouncy Bob is a baby boy,39
01F_40,01F,The hamster scrambled up Stewart's sleeve,40
01F_40v2,01F,The hamster scrambled up Stewart's sleeve,40v2
01F_41,01F,The nasty boy tossed the basket into the box,41
01F_41v2,01F,The nasty boy tossed the basket into the box,41v2
01F_42,01F,The phone fell off the shelf,42
02F_2,02F,ata,2
02F_2v2,02F,ata,2v2
02F_3,02F,ana,3
02F_4,02F,ara,4
02F_5,02F,atha,5
02F_6,02F,asa,6
02F_7,02F,asha,7
02F_8,02F,ala,8
02F_9,02F,aya,9
02F_10,02F,aka,10
02F_12,02F,bang,12
02F_13,02F,apa,13
02F_13v2,02F,apa,13v2
02F_14,02F,ama,14
02F_15,02F,afa,15
02F_16,02F,awa,16
02F_17,02F,iki,17
02F_18,02F,oko,18
02F_19,02F,iti,19
02F_21,02F,"a sock, a tore, a chore, a chip",21
02F_21v2,02F,"a sock, a tore, a chore, a chip",21v2
02F_22,02F,"a she, a kip, a sore, a chop",22
02F_23,02F,"a chew, a shack, a ship, a cool",23
02F_24,02F,"a keep, a shoot, a chap, a suit",24
02F_25,02F,"a core, a sip, a cop, a tool",25
02F_26,02F,"a tip, a top, a sea, a tan",26
02F_27,02F,"a can, a cheer, a shock, a sack",27
02F_27v2,02F,"a can, a cheer, a shock, a sack",27v2
02F_29,02F,Naughty Neil saw a robin in a nest,29
02F_29v2,02F,Naughty Neil saw a robin in a nest,29v2
02F_30,02F,Tiny Tim is putting a hat on,30
02F_31,02F,My daddy mended a door,31
02F_32,02F,I saw Sam sitting on a bus,32
02F_33,02F,Funny Shaun is washing a dirty dish,33
02F_34,02F,Cheeky Charlie's watching a football match,34
02F_35,02F,Jolly John's got a magic badge,35
02F_36,02F,Happy Karen is making a cake,36
02F_37,02F,Baby Gary's got a bag of Lego,37
02F_38,02F,The puppy is playing with a rope,38
02F_39,02F,Bouncy Bob is a baby boy,39
02F_42,02F,The phone fell off the shelf,42
02F_40,02F,The hamster scrambled up Stewart's sleeve,40
02F_6,02F,asa,6
02F_6v2,02F,asa,6v2
02F_6v3,02F,asa,6v3
02F_7v2,02F,asha,7v2
02F_32v2,02F,I saw Sam sitting on a bus,32v2
02F_32v3,02F,I saw Sam sitting on a bus,32v3
02F_33v2,02F,Funny Shaun is washing a dirty dish,33v2
02F_34v2,02F,Cheeky Charlie's watching a football match,34v2
02F_35v2,02F,Jolly John's got a magic badge,35v2
02F_40v2,02F,The hamster scrambled up Stewart's sleeve,40v2
04M_58,04M,Eat the apple,58
04M_59,04M,kite,59
04M_60,04M,ox,60
04M_61,04M,pig,61
04M_62,04M,moon,62
04M_63,04M,man,63
04M_64,04M,nine,64
04M_65,04M,morning,65
04M_66,04M,load,66
04M_67,04M,coin,67
04M_68,04M,boy,68
04M_69,04M,loud,69
04M_70,04M,mouth,70
04M_71,04M,book,71
04M_72,04M,apple,72
04M_73,04M,ball,73
04M_74,04M,car,74
04M_75,04M,water,75
04M_76,04M,pen,76
04M_77,04M,window,77
04M_78,04M,door,78
04M_79,04M,spoon,79
04M_80,04M,shoe,80
04M_81,04M,plant,81
04M_82,04M,sit,82
04M_83,04M,jump,83
04M_84,04M,run,84
04M_85,04M,walk,85
04M_86,04M,talk,86
04M_87,04M,play,87
04M_88,04M,sleep,88
04M_89,04M,laugh,89
04M_90,04M,cry,90
04M_91,04M,write,91
04M_92,04M,read,92
04M_93,04M,swim,93
04M_94,04M,dance,94
04M_95,04M,cook,95
04M_96,04M,drink,96
04M_97,04M,ride,97
04M_98,04M,catch,98
04M_99,04M,throw,99
04M_100,04M,big,100
04M_101,04M,small,101
04M_102,04M,fast,102
04M_103,04M,slow,103
04M_104,04M,happy,104
04M_105,04M,sad,105
04M_106,04M,bright,106
04M_107,04M,dark,107
04M_108,04M,soft,108
04M_109,04M,hard,109
04M_110,04M,pop the balloon,110
04M_111,04M,bring the pen,111
04M_112,04M,pick a pot,112
04M_113,04M,pack your bag,113
04M_114,04M,the bat is black,114
04M_115,04M,top of the table,115
04M_116,04M,tap on the grass,116
04M_117,04M,time to talk,117
04M_118,04M,dig in the dirt,118
04M_119,04M,the dog is barking,119
04M_120,04M,put the book on the table,120
04M_121,04M,play with the puppy,121
04M_122,04M,pat the soft pillow,122
04M_123,04M,the pencil is sharp,123
04M_124,04M,popcorn in the bowl,124
04M_125,04M,take the top off,125
04M_126,04M,tap on the keyboard,126
04M_127,04M,time to pick flowers,127
04M_128,04M,bring the bag to the room,128
04M_129,04M,feel the wind,129
04M_130,04M,fun in the sun,130
04M_131,04M,five little frogs,131
04M_132,04M,find the vase,132
04M_133,04M,zip the jacket,133
04M_134,04M,sing a song,134
04M_135,04M,the zoo is noisy,135
04M_136,04M,soft socks are warm,136
04M_137,04M,buzzing bees in the garden,137
04M_138,04M,the fan is spinning,138
04M_139,04M,flip the page quickly,139
04M_140,04M,the fish is swimming,140
04M_141,04M,fresh bread smells good,141
04M_142,04M,sing the song aloud,142
04M_143,04M,the zoo has zebras,143
04M_144,04M,five fans in the room,144
04M_145,04M,funny faces make me laugh,145
04M_146,04M,soft fur on the cat,146
04M_147,04M,a buzzing fly is annoying,147
04M_148,04M,the child is cheerful,148
04M_149,04M,chat with your friend,149
04M_150,04M,cherry on the cake,150
04M_151,04M,jump over the chair,151
04M_152,04M,judge the book,152
04M_153,04M,catch the ball,153
04M_154,04M,enjoy the journey,154
04M_155,04M,jelly in the jar,155
04M_156,04M,change the channel,156
04M_157,04M,chocolate is sweet,157
04M_158,04M,the judge gave the verdict,158
04M_159,04M,jump in the puddle,159
04M_160,04M,chocolate cake is yummy,160
04M_161,04M,cheer for the team,161
04M_162,04M,enjoy the chilly weather,162
04M_163,04M,catch the falling leaf,163
04M_164,04M,the child is jolly,164
04M_165,04M,jelly tastes sweet,165
04M_166,04M,change your shoes now,166
04M_167,04M,chat about your day,167
04M_168,04M,mom made cookies,168
04M_169,04M,my nose is cold,169
04M_170,04M,the moon is bright,170
04M_171,04M,find the map,171
04M_172,04M,nine cats are playing,172
04M_173,04M,net in the garden,173
04M_174,04M,name the colors,174
04M_175,04M,the nest is empty,175
04M_176,04M,man on the hill,176
04M_177,04M,the night is quiet,177
04M_178,04M,the moon looks round,178
04M_179,04M,the nest is hidden,179
04M_180,04M,my nose feels stuffy,180
04M_181,04M,net caught the fish,181
04M_182,04M,name your favorite toy,182
04M_183,04M,the night is silent,183
04M_184,04M,many ants are crawling,184
04M_185,04M,men are building the house,185
04M_186,04M,black shoes on the floor,186
04M_187,04M,swing in the park,187
04M_188,04M,sweet candy is tasty,188
04M_189,04M,skate on the ice,189
04M_190,04M,snakes are long,190
04M_191,04M,bring the plate here,191
04M_192,04M,climb the ladder,192
04M_193,04M,drink the water slowly,193
04M_194,04M,plant the flowers,194
04M_195,04M,crack the nut open,195
04M_196,04M,sweet honey on the bread,196
04M_197,04M,bring your bag here,197
04M_198,04M,climb up the stairs,198
04M_199,04M,crack the glass gently,199
04M_200,04M,swing on the old rope,200
04M_201,04M,snails are slow movers,201
04M_202,04M,plant a tree today,202
04M_203,04M,skate on the smooth ice,203
04M_204,04M,black cat is sleeping,204
04M_205,04M,drink your juice slowly,205
04M_206,04M,ice is very cold,206
04M_207,04M,aim for the star,207
04M_208,04M,out in the garden,208
04M_209,04M,echo in the room,209
04M_210,04M,the owl is hooting,210
04M_211,04M,open the book,211
04M_212,04M,up in the sky,212
04M_213,04M,an ant on the leaf,213
04M_214,04M,orange is juicy,214
04M_215,04M,apple pie is tasty,215
04M_216,04M,ice cream is melting,216
04M_217,04M,open the big window,217
04M_218,04M,aim for the top shelf,218
04M_219,04M,out in the bright sun,219
04M_220,04M,the owl is watching,220
04M_221,04M,an orange is juicy,221
04M_222,04M,up the hill we go,222
04M_223,04M,echo in the empty hall,223
04M_224,04M,eat the yummy cake,224
04M_225,04M,happy baby is smiling,225
04M_226,04M,a big family picnic,226
04M_227,04M,bubble burst on my hand,227
04M_228,04M,funny jokes make me laugh,228
04M_229,04M,the puppy is playful,229
04M_230,04M,give me the candy,230
04M_231,04M,a teddy bear is soft,231
04M_232,04M,my cookie is tasty,232
04M_233,04M,monkey on the tree,233
04M_234,04M,the baby is crawling,234
04M_235,04M,my toy is broken,235
04M_236,04M,funny clowns are dancing,236
04M_237,04M,give me the blue balloon,237
04M_238,04M,the family is happy,238
04M_239,04M,big bubbles are fun,239
04M_240,04M,drink all the water,240
04M_241,04M,teddy bear is fluffy,241
04M_242,04M,a new puppy is barking,242
04M_243,04M,my milk is warm,243
04M_244,04M,blow out the candles,244
04M_245,04M,wash your hands now,245
04M_246,04M,close the door slowly,246
04M_247,04M,write on the paper,247
04M_248,04M,drink from the cup,248
04M_249,04M,pick up the toy,249
04M_250,04M,clap your hands,250
04M_251,04M,cut the paper in half,251
04M_252,04M,paint the wall blue,252
04M_253,04M,open the umbrella,253
04M_254,04M,wash the fruit before eating,254
04M_255,04M,pick the flowers gently,255
04M_256,04M,blow the whistle,256
04M_257,04M,write a note for mom,257
04M_258,04M,cut the paper into shapes,258
04M_259,04M,clap when the song ends,259
04M_260,04M,open the door wide,260
04M_261,04M,paint the house white,261
04M_262,04M,drop the ball on the ground,262
04M_263,04M,fold the paper neatly,263
04M_264,04M,the sun is shining bright,264
04M_265,04M,rain falls on the roof,265
04M_266,04M,the flower is pink,266
04M_267,04M,the car is speeding,267
04M_268,04M,birds are chirping outside,268
04M_269,04M,a tree is tall and green,269
04M_270,04M,water flows in the river,270
04M_271,04M,the sky is clear today,271
04M_272,04M,look at the rainbow,272
04M_273,04M,a butterfly is flying,273
04M_274,04M,the rain is falling hard,274
04M_275,04M,birds are flying in the sky,275
04M_276,04M,a butterfly on the flower,276
04M_277,04M,look at the blue ocean,277
04M_278,04M,the sun is warm and bright,278
04M_279,04M,water is clear and cool,279
04M_280,04M,leaves are green and soft,280
04M_281,04M,the river is wide and calm,281
04M_282,04M,the sky is bright and blue,282
04M_283,04M,a rainbow has many colors,283
04M_284,04M,big red apples on the tree,284
04M_285,04M,small fishes in the pond,285
04M_286,04M,a loud buzzing sound,286
04M_287,04M,the soft pillow on the bed,287
04M_288,04M,a shiny new car,288
04M_289,04M,a green frog jumps,289
04M_290,04M,the dog is fluffy,290
04M_291,04M,the cake smells delicious,291
04M_292,04M,the jar is full of candy,292
04M_293,04M,my favorite toy is broken,293
04M_294,04M,a tall green tree in the park,294
04M_295,04M,big fish swim in the river,295
04M_296,04M,a fluffy cat is purring,296
04M_297,04M,the shiny car is new,297
04M_298,04M,small birds sing sweet songs,298
04M_299,04M,a loud noise startled me,299
04M_300,04M,the soft bed is comfortable,300
04M_301,04M,a delicious pie is baking,301
05M_302,05M,A fly is buzzing near,302
05M_303,05M,Add,303
05M_304,05M,Air,304
05M_305,05M,all,305
05M_306,05M,ant,306
05M_307,05M,apple,307
05M_308,05M,as,308
05M_309,05M,bag,309
05M_310,05M,bet,310
05M_311,05M,blip,311
05M_312,05M,block,312
05M_313,05M,bog,313
05M_314,05M,boot,314
05M_315,05M,bring the basket here,315
05M_316,05M,brink,316
05M_317,05M,bye,317
05M_318,05M,cage,318
05M_319,05M,can,319
05M_320,05M,catch the bird in a flight,320
05M_321,05M,change the light bulb,321
05M_322,05M,change the tires,322
05M_323,05M,cheer for the team,323
05M_324,05M,clink,324
05M_325,05M,crack,325
05M_326,05M,crimp,326
05M_327,05M,deck,327
05M_328,05M,dip,328
05M_329,05M,do,329
05M_330,05M,drink the juice,330
05M_331,05M,duck,331
05M_332,05M,ear,332
05M_333,05M,eat,333
05M_334,05M,eel,334
05M_335,05M,ego,335
05M_336,05M,fast,336
05M_337,05M,feel the warm sand,337
05M_338,05M,flap,338
05M_339,05M,fleece,339
05M_340,05M,flick,340
05M_341,05M,flush,341
05M_342,05M,fuzz,342
05M_343,05M,gag,343
05M_344,05M,glide,344
05M_345,05M,glimpse,345
05M_346,05M,go,346
05M_347,05M,grim,347
05M_348,05M,grip,348
05M_349,05M,gum,349
05M_350,05M,had,350
05M_351,05M,he sits on the soft mat,351
05M_352,05M,how,352
05M_353,05M,I caught the ball,353
05M_354,05M,I eat lunch at noon,354
05M_354v2,05M,I eat lunch at noon,354v2
05M_355,05M,I found my key,355
05M_356,05M,I see a rainbow,356
05M_357,05M,I see the blue sky,357
05M_358,05M,I see the sun setting,358
05M_359,05M,if,359
05M_360,05M,ink,360
05M_361,05M,into,361
05M_362,05M,iron,362
05M_363,05M,ivy,363
05M_364,05M,jump on the trampoline,364
05M_365,05M,jump over the rope,365
05M_366,05M,kick,366
05M_367,05M,kit,367
05M_368,05M,let's catch the butterfly,368
05M_369,05M,let's pick the apples,369
05M_370,05M,let's plant a tree,370
05M_371,05M,let's watch a movie,371
05M_372,05M,let,372
05M_373,05M,my friend is nice,373
05M_374,05M,my hand is cold,374
05M_375,05M,name the colors you see,375
05M_376,05M,not,376
05M_377,05M,now,377
05M_378,05M,oak,378
05M_379,05M,oat,379
05M_380,05M,odd,380
05M_381,05M,one,381
05M_382,05M,out,382
05M_383,05M,oval,383
05M_384,05M,pack your lunch,384
05M_385,05M,pail,385
05M_386,05M,pat the dog gently,386
05M_387,05M,pat the puppy's head,387
05M_388,05M,pat,388
05M_389,05M,pick the apple,389
05M_390,05M,pick the flowers quickly,390
05M_391,05M,pip,391
05M_392,05M,pluck,392
05M_393,05M,pond,393
05M_394,05M,press the button,394
05M_395,05M,pull the rope,395
05M_396,05M,push the car,396
05M_397,05M,sack,397
05M_398,05M,sham,398
05M_399,05M,sharp,399
05M_400,05M,she flips the pancake,400
05M_401,05M,she sings a sweet song,401
05M_402,05M,shine,402
05M_403,05M,shoe,403
05M_404,05M,shred,404
05M_405,05M,shut,405
05M_406,05M,sick,406
05M_407,05M,sink,407
05M_408,05M,skit,408
05M_409,05M,slab,409
05M_410,05M,slick,410
05M_411,05M,snip,411
05M_412,05M,soap,412
05M_413,05M,soggy,413
05M_414,05M,some,414
05M_415,05M,stab,415
05M_416,05M,stamp,416
05M_417,05M,the black cat runs fast,417
05M_418,05M,swing on the rope,418
05M_419,05M,swoop,419
05M_420,05M,swoosh,420
05M_421,05M,tap on the door,421
05M_422,05M,the apple is red,422
05M_422v2,05M,the apple is red,422v2
05M_423,05M,the baby is sleeping,423
05M_424,05M,the bag is heavy,424
05M_425,05M,the basket is full,425
05M_426,05M,the bear is brown,426
05M_426v2,05M,the bear is brown,426v2
05M_426v3,05M,the bear is brown,426v3
05M_427,05M,the bell rings loudly,427
05M_428,05M,the big bag is full,428
05M_429,05M,the bike is moving,429
05M_430,05M,the bird is singing,430
05M_431,05M,the book is thick and heavy,431
05M_432,05M,the book is thick,432
05M_433,05M,the boy has a red hat,433
05M_434,05M,the boy is playing ball,434
05M_435,05M,the cake is cooling,435
05M_436,05M,the candle is lit,436
05M_437,05M,the cat pounced fast,437
05M_438,05M,the chair is comfy,438
05M_439,05M,the chef cooks the meal,439
05M_440,05M,the child is curious,440
05M_441,05M,the children are playing,441
05M_442,05M,the chips are crunchy,442
05M_443,05M,the choice is yours,443
05M_444,05M,the clock is ticking,444
05M_445,05M,the cup is clean,445
05M_446,05M,the dog is barking loudly,446
05M_447,05M,the dog is running fast,447
05M_448,05M,the door is wide open,448
05M_449,05M,the fan is spinning,449
05M_450,05M,the fire is burning,450
05M_451,05M,the fish swims fast,451
05M_452,05M,the fish swims neat,452
05M_453,05M,the fresh fruits smells nice,453
05M_454,05M,the frog jumps high,454
05M_455,05M,the frog jumps in the pond,455
05M_456,05M,the jelly is wobbly,456
05M_457,05M,the kite flies in the wind,457
05M_458,05M,the lion roars loudly,458
05M_459,05M,the lion roars,459
05M_460,05M,the man is walking,460
05M_461,05M,the man wears a coat,461
05M_462,05M,the moon looks full,462
05M_463,05M,the moon shines bright,463
05M_464,05M,the mouse is tiny,464
05M_465,05M,the nest is high,465
05M_466,05M,the night is calm,466
05M_467,05M,the owl hoots in the night,467
05M_467v2,05M,the owl hoots in the night,467v2
05M_468,05M,the phone is ringing,468
05M_469,05M,the pig is muddy,469
05M_470,05M,the plane flies high,470
05M_471,05M,the pond has fish,471
05M_472,05M,the pot is heavy,472
05M_473,05M,the rabbit hopped by,473
05M_474,05M,the rabit is hopping,474
05M_475,05M,the rivers flow gently,475
05M_476,05M,the sheep are grazing,476
05M_477,05M,the snow is cold,477
05M_478,05M,the snow is falling softly,478
05M_479,05M,the soup is hot,479
05M_480,05M,the stars are shining,480
05M_481,05M,the sun feels warm,481
05M_482,05M,the sun is bright,482
05M_483,05M,the sun is setting low,483
05M_484,05M,the teacher is kind,484
05M_485,05M,the tree is tall and strong,485
05M_486,05M,the tree is tall,486
05M_486v2,05M,the tree is tall,486v2
05M_487,05M,the wind is blowing,487
05M_488,05M,the wind is strong,488
05M_489,05M,the wind is whistling,489
05M_490,05M,there,490
05M_491,05M,tramp,491
05M_492,05M,tug,492
05M_493,05M,twist,493
05M_494,05M,two,494
05M_495,05M,under,495
05M_496,05M,up,496
05M_497,05M,where,497
05M_498,05M,who,498
05M_499,05M,zeal,499
05M_500,05M,zebra,500
05M_501,05M,book,501
05M_502,05M,battle,502
05M_503,05M,ball,503
05M_504,05M,bang,504
05M_505,05M,bend,505
05M_506,05M,blow,506
05M_507,05M,boy,507
05M_508,05M,bread,508
05M_509,05M,brush,509
05M_510,05M,build,510
05M_511,05M,can you see the moon,511
05M_512,05M,cart,512
05M_513,05M,catch,513
05M_514,05M,clean,514
05M_515,05M,climb,515
05M_516,05M,coat,516
05M_517,05M,coin,517
05M_518,05M,cold,518
05M_519,05M,cow,519
05M_520,05M,cry,520
05M_521,05M,cup,521
05M_522,05M,dance,522
05M_523,05M,deep,523
05M_524,05M,drive,524
05M_525,05M,fish,525
05M_526,05M,foul,526
05M_527,05M,give me the ball,527
05M_528,05M,hat,528
05M_529,05M,he likes to jump,529
05M_529v2,05M,he likes to jump,529v2
05M_530,05M,help,530
05M_531,05M,hit,531
05M_532,05M,how,532
05M_533,05M,howl,533
05M_534,05M,I am happy today,534
05M_534v2,05M,I am happy today,534v2
05M_535,05M,I like to play outside,535
05M_535v2,05M,I like to play outside,535v2
05M_536,05M,I love to climb trees,536
05M_537,05M,I see the bird,537
05M_538,05M,I see the moon at night,538
05M_539,05M,I see the rainbow,539
05M_539v2,05M,I see the rainbow,539v2
05M_540,05M,It's my favorite color,540
05M_540v2,05M,It's my favorite color,540v2
05M_541,05M,It's my turn,541
05M_542,05M,It's time to go,542
05M_543,05M,jump,543
05M_544,05M,key,544
05M_545,05M,kick,545
05M_546,05M,lap,546
05M_547,05M,lark,547
05M_548,05M,ledge,548
05M_549,05M,left,549
05M_550,05M,let's eat together,550
05M_551,05M,lick,551
05M_551v2,05M,lick,552
05M_552,05M,lime,553
05M_553,05M,long,554
05M_554,05M,look at the ocean,555
05M_555,05M,lot,556
05M_556,05M,loud,557
05M_557,05M,lump,558
05M_558,05M,man,559
05M_559,05M,mend,560
05M_560,05M,mimic,561
05M_561,05M,mine,562
05M_562,05M,mink,563
05M_563,05M,mint,564
05M_564,05M,moth,565
05M_565,05M,nail,566
05M_566,05M,nod,567
05M_567,05M,now,568
05M_567v2,05M,now,569
05M_568,05M,numb,570
05M_569,05M,open the window,571
05M_570,05M,pants,572
05M_571,05M,pen,573
05M_572,05M,pillow,574
05M_573,05M,plane,575
05M_574,05M,plate,576
05M_575,05M,poor,577
05M_576,05M,rail,578
05M_577,05M,rake,579
05M_578,05M,ray,580
05M_579,05M,read,581
05M_580,05M,red,582
05M_581,05M,rich,583
05M_582,05M,rim,584
05M_583,05M,rope,585
05M_584,05M,rough,586
05M_585,05M,rug,587
05M_586,05M,run,588
05M_587,05M,rush,589
05M_588,05M,rust,590
05M_589,05M,she has a red ball,591
05M_589v2,05M,she has a red ball,591v2
05M_589v3,05M,she has a red ball,591v3
05M_590,05M,she plays the piano,592
05M_591,05M,shirt,593
05M_592,05M,short,594
05M_593,05M,shout,595
05M_594,05M,sing,596
05M_595,05M,sing on the chair,597
05M_596,05M,snag,598
05M_597,05M,snatch,599
05M_598,05M,sound,600
05M_599,05M,spin,601
05M_600,05M,stand up tall,602
05M_601,05M,stand,603
05M_602,05M,sun,604
05M_603,05M,swan,605
05M_604,05M,swing,606
05M_605,05M,tall,607
05M_606,05M,the bird flies high,608
05M_607,05M,the bird flies in the skies,609
05M_608,05M,the bird flies in the skies,609v2
05M_608v2,05M,the book is on the table,610
05M_609,05M,the dog runs fast,611
05M_610,05M,the duck waddles,612
05M_611,05M,the frog jumps high,613
05M_612,05M,the fruit is sweet,614
05M_613,05M,the ice melts quickly,615
05M_614,05M,the kite flies in the wind,616
05M_615,05M,the rain is fall softly,617
05M_615v2,05M,the rain is fall softly,617v2
05M_616,05M,the tree is green,618
05M_617,05M,the wind is cool,619
05M_618,05M,they are coming soon,620
05M_618v2,05M,they are coming soon,620v2
05M_619,05M,this book is fun,621
05M_620,05M,tiny,622
05M_621,05M,tongue,623
05M_622,05M,toss,624
05M_623,05M,towl,625
05M_624,05M,toy,626
05M_625,05M,tree,627
05M_626,05M,truck,628
05M_627,05M,under,629
05M_628,05M,walk,630
05M_629,05M,warm,631
05M_630,05M,we eat for snack,632
05M_631,05M,we have a new house,633
05M_632,05M,we went to the park,634
05M_632v2,05M,we went to the park,634v2
05M_632v3,05M,we went to the park,634v3
05M_633,05M,wide,635
05M_634,05M,window,636
05M_635,05M,you are my friend,637
05M_635v2,05M,you are my friend,637v2
05M_636,05M,brush your teeth,638
05M_636v2,05M,brush your teeth,638v2
05M_637,05M,close the door softly,639
05M_638,05M,close the window,640
05M_639,05M,draw a picture,641
05M_640,05M,drink your water,642
05M_641,05M,fold the paper,643
05M_641v2,05M,fold the paper,643v2
05M_642,05M,jump on the bed,644
05M_643,05M,move the box,645
05M_644,05M,open the box,646
05M_644v2,05M,open the box,646v2
05M_645,05M,paint the wall blue,647
05M_645v2,05M,paint the wall blue,647v2
05M_646,05M,read the story,648
05M_647,05M,sit on the chair,649
05M_648,05M,stand up tall,650
05M_649,05M,The apple is juicy,651
05M_649v2,05M,The apple is juicy,651v2
05M_650,05M,the ball is round,652
05M_651,05M,the bird is chirping,653
05M_651v2,05M,the bird is chirping,653v3
05M_652,05M,the bird has bright feathers,654
05M_653,05M,the book is interesting,655
05M_654,05M,the cake is sweet,656
05M_654v2,05M,the cake is sweet,656v2
05M_655,05M,the cat is fluffy,657
05M_656,05M,the chair is soft,658
05M_657,05M,the clouds are moving,659
05M_658,05M,the day is bright,660
05M_658v2,05M,the day is bright,660v2
05M_658v3,05M,the day is bright,660v3
05M_659,05M,the dog is playful,661
05M_660,05M,the fish is shiny,662
05M_660v2,05M,the fish is shiny,662v2
05M_661,05M,the flowers are blooming,663
05M_662,05M,the flowers smells sweet,664
05M_662v2,05M,the flowers smells sweet,664v2
05M_663,05M,the grass is damp,665
05M_663v2,05M,the grass is damp,665v2
05M_664,05M,the grass is green,666
05M_664v2,05M,the grass is green,666v2
05M_665,05M,the moon is high,667
05M_666,05M,the morning is fresh,668
05M_667,05M,the pilllow is so comfy,669
05M_668,05M,the rain is falling,670
05M_668v2,05M,the rain is falling,670v2
05M_669,05M,the rivers flows fast,671
05M_670,05M,the room is so quiet,672
05M_670v2,05M,the room is so quiet,672v2
05M_671,05M,the sand is soft,673
05M_672,05M,the sky is cloudy,674
05M_672v2,05M,the sky is cloudy,674v2
05M_673,05M,the snow is soft,675
05M_674,05M,the soup is warm,676
05M_675,05M,the stars are bright,677
05M_675v2,05M,the stars are bright,677v2
05M_676,05M,the stars twinkle at night,678
05M_677,05M,the sun is setting,679
05M_678,05M,the toy is colorful,680
05M_679,05M,the tree is growing tall,681
05M_680,05M,the tree is strong,682
05M_681,05M,the trees are tall,683
05M_681v2,05M,the trees are tall,683v2
05M_682,05M,the water is clear,684
05M_683,05M,the water is cold,685
05M_684,05M,the wind is blowing,686
05M_685,05M,turn the lights off,687
05M_686,05M,turn the page slowly,688
05M_687,05M,walk slowly,689
05M_688,05M,wash the dishes,690
05M_689,05M,wash your face,691
05M_690,05M,we have a new house,692
05M_691,05M,write the answer,693
05M_691v2,05M,write the answer,693v2
06M_692,06M,the bat appears dull,692
06M_692v2,06M,the bat appears dull,692v2
06M_693,06M,the bat appears noisy,693
06M_693v2,06M,the bat appears noisy,693v2
06M_694,06M,the bat appears quiet,694
06M_694v2,06M,the bat appears quiet,694v2
06M_695,06M,the bat feels clean,695
06M_695v2,06M,the bat feels clean,695v2
06M_696,06M,the bat feels colorful,696
06M_696v2,06M,the bat feels colorful,696v2
06M_697,06M,the bat seems quiet,697
06M_697v2,06M,the bat seems quiet,697v2
06M_698,06M,the bat shines colorful,698
06M_698v2,06M,the bat shines colorful,698v2
06M_699,06M,the bat shines heavy,699
06M_699v2,06M,the bat shines heavy,699v2
06M_700,06M,the bat shines noisy,700
06M_700v2,06M,the bat shines noisy,700v2
06M_701,06M,the bat sounds colorful,701
06M_701v2,06M,the bat sounds colorful,701v2
06M_702,06M,the bat sounds peaceful,702
06M_702v2,06M,the bat sounds peaceful,702v2
06M_703,06M,the bat sounds strong,703
06M_703v2,06M,the bat sounds strong,703v2
06M_704,06M,the bat shines clean,704
06M_704v2,06M,the bat shines clean,704v2
06M_705,06M,the cap appears beautiful,705
06M_705v2,06M,the cap appears beautiful,705v2
06M_706,06M,the cap appears cold,706
06M_706v2,06M,the cap appears cold,706v2
06M_707,06M,the moon shines hot,707
06M_708,06M,the man sounds peaceful,708
06M_709,06M,the cap feels peaceful,709
06M_709v2,06M,the cap feels peaceful,709v2
06M_710,06M,the cap feels soft,710
06M_710v2,06M,the cap feels soft,710v2
06M_711,06M,the cap looks beautiful,711
06M_711v2,06M,the cap looks beautiful,711v2
06M_712,06M,the cap looks smooth,712
06M_712v2,06M,the cap looks smooth,712v2
06M_713,06M,the cap seems cool,713
06M_713v2,06M,the cap seems cool,713v2
06M_714,06M,the path looks quiet,714
06M_715,06M,the cap seems strong,715
06M_715v2,06M,the cap seems strong,715v2
06M_716,06M,the blue looks warm,716
06M_717,06M,the cap shines dull,717
06M_717v2,06M,the cap shines dull,717v2
06M_718,06M,the cap shines shiny,718
06M_718v2,06M,the cap shines shiny,718v2
06M_719,06M,the cap shines smooth,719
06M_719v2,06M,the cap shines smooth,719v2
06M_720,06M,the cap shines strong,720
06M_720v2,06M,the cap shines strong,720
06M_721,06M,the cap sounds cool,721
06M_721v2,06M,the cap sounds cool,721v2
06M_722,06M,the cap sounds rough,722
06M_722v2,06M,the cap sounds rough,722v2
06M_723,06M,the cap sounds shiny,723
06M_723v2,06M,the cap sounds shiny,723v2
06M_724,06M,the pat appears gentle,724
06M_724v2,06M,the pat appears gentle,724v2
06M_725,06M,the pat appears hot,725
06M_725v2,06M,the pat appears hot,725v2
06M_726,06M,the pat appears strong,726
06M_726v2,06M,the pat appears strong,726v2
06M_727,06M,the pat looks gentle,727
06M_727v2,06M,the pat looks gentle,727v2
06M_728,06M,the pat seems cold,728
06M_728v2,06M,the pat seems cold,728v2
06M_729,06M,the pat seems cool,729
06M_729v2,06M,the pat seems cool,729v2
06M_730,06M,the pat shines colorful,730
06M_730v2,06M,the pat shines colorful,730v2
06M_731,06M,the pat shines heavy,731
06M_731v2,06M,the pat shines heavy,731v2
06M_732,06M,the pat shines soft,732
06M_732v2,06M,the pat shines soft,732v2
06M_733,06M,the forest trail winds unhurriedly,733
06M_734,06M,the pat sounds dull,734
06M_734v2,06M,the pat sounds dull,734v2
06M_735,06M,the pat sounds messy,735
06M_735v2,06M,the pat sounds messy,735v2
06M_736,06M,the pat sounds quiet,736
06M_736v2,06M,the pat sounds quiet,736v2
06M_737,06M,the path looks light,737
06M_737v2,06M,the path looks light,737v2
06M_738,06M,the tap appears messy,738
06M_738v2,06M,the tap appears messy,738v2
06M_739,06M,the tap appears quiet,739
06M_739v2,06M,the tap appears quiet,739v2
06M_740,06M,the tap appears warm,740
06M_740v2,06M,the tap appears warm,740v2
06M_741,06M,the tap feels clean,741
06M_741v2,06M,the tap feels clean,741v2
06M_742,06M,the tap feels strong,742
06M_742v2,06M,the tap feels strong,742v2
06M_743,06M,the tap looks cool,743
06M_743v2,06M,the tap looks cool,743v2
06M_744,06M,the tap looks strong,744
06M_744v2,06M,the tap looks strong,744v2
06M_745,06M,the tap seems colorful,745
06M_745v2,06M,the tap seems colorful,745v2
06M_746,06M,the tap shines heavy,746
06M_746v2,06M,the tap shines heavy,746v2
06M_747,06M,the tap shines hot,747
06M_747v2,06M,the tap shines hot,747v2
06M_748,06M,the tap shines peaceful,748
06M_748v2,06M,the tap shines peaceful,748v2
06M_749,06M,the tap shines rough,749
06M_749v2,06M,the tap shines rough,749v2
06M_750,06M,the tap shines strong,750
06M_750v2,06M,the tap shines strong,750v2
06M_751,06M,the tap sounds warm,751
06M_751v2,06M,the tap sounds warm,751v2
06M_752,06M,the bag appears beautiful,752
06M_752v2,06M,the bag appears beautiful,752v2
06M_753,06M,the bag seems slow,753
06M_753v2,06M,the bag seems slow,753v2
06M_754,06M,the base seems clean,754
06M_754v2,06M,the base seems clean,754v2
06M_755,06M,the bat appears cold,755
06M_755v2,06M,the bat appears cold,755v2
06M_756,06M,the bat appears colorful,756
06M_756v2,06M,the bat appears colorful,756v2
06M_757,06M,the bat appears heavy,757
06M_757v2,06M,the bat appears heavy,757v2
06M_758,06M,the bat feels bright,758
06M_758v2,06M,the bat feels bright,758v2
06M_759,06M,the bat feels fast,759
06M_759v2,06M,the bat feels fast,759v2
06M_760,06M,the bat feels light,760
06M_760v2,06M,the bat feels light,760v2
06M_761,06M,the bat feels quiet,761
06M_761v2,06M,the bat feels quiet,761v2
06M_762,06M,the bat feels slow,762
06M_763,06M,the bat looks beautiful,763
06M_763v2,06M,the bat looks beautiful,763v2
06M_764,06M,the bat looks heavy,764
06M_765,06M,the bat looks shiny,765
06M_765v2,06M,the bat looks shiny,765v2
06M_766,06M,the bat seems beautiful,766
06M_767,06M,the bat seems slow,767
06M_768,06M,the bat shines bright,768
06M_769,06M,the bat shines strong,769
06M_769v2,06M,the bat shines strong,769v2
06M_770,06M,the bat sounds cold,770
06M_770v2,06M,the bat sounds cold,770v2
06M_771,06M,the bat sounds gentle,771
06M_771v2,06M,the bat sounds gentle,771v2
06M_772,06M,the bat sounds messy,772
06M_773,06M,the bat sounds shiny,773
06M_773v2,06M,the bat sounds shiny,773v2
06M_774,06M,the cap appears gentle,774
06M_774v2,06M,the cap appears gentle,774v2
06M_774v3,06M,the cap appears gentle,774v3
06M_775,06M,the cap appears heavy,775
06M_775v2,06M,the cap appears heavy,775v2
06M_776,06M,the cap appears noisy,776
06M_776v2,06M,the cap appears noisy,776v2
06M_777,06M,the cap appears quiet,777
06M_777v2,06M,the cap appears quiet,777v2
06M_778,06M,the cap feels light,778
06M_778v2,06M,the cap feels light,778v2
06M_778v3,06M,the cap feels light,778v3
06M_778v4,06M,the cap feels light,778v4
06M_779,06M,the cap feels shiny,779
06M_780,06M,the cap feels warm,780
06M_780v2,06M,the cap feels warm,780v2
06M_781,06M,the cap looks fast,781
06M_781v2,06M,the cap looks fast,781v2
06M_782,06M,the cap looks messy,782
06M_783,06M,the cap looks noisy,783
06M_783v2,06M,the cap looks noisy,783v2
06M_784,06M,the cap looks strong,784
06M_784v2,06M,the cap looks strong,784v2
06M_785,06M,the cap seems clean,785
06M_785v2,06M,the cap seems clean,785v2
06M_786,06M,the cap seems cold,786
06M_787,06M,the cap seems colorful,787
06M_787v2,06M,the cap seems colorful,787v2
06M_788,06M,the cap seems dull,788
06M_788v2,06M,the cap seems dull,788v2
06M_788v3,06M,the cap seems dull,788v3
06M_788v4,06M,the cap seems dull,788v4
06M_788v5,06M,the cap seems dull,788v5
06M_788v6,06M,the cap seems dull,788v6
06M_789,06M,the cap seems warm,789
06M_789v2,06M,the cap seems warm,789v2
06M_790,06M,the cap shines beautiful,790
06M_790v2,06M,the cap shines beautiful,790v2
06M_791,06M,the cap shines cold,791
06M_791v2,06M,the cap shines cold,791v2
06M_791v3,06M,the cap shines cold,791v3
06M_791v4,06M,the cap shines cold,791v4
06M_792,06M,the cap shines colorful,792
06M_792v2,06M,the cap shines colorful,792v2
06M_792v3,06M,the cap shines colorful,792v3
06M_793,06M,the cap shines cool,793
06M_793v2,06M,the cap shines cool,793v2
06M_794,06M,the cap shines fast,794
06M_794v2,06M,the cap shines fast,794v2
06M_795,06M,the cap shines gentle,795
06M_796,06M,the cap shines noisy,796
06M_796v2,06M,the cap shines noisy,796v2
06M_797,06M,the cap shines warm,797
06M_797v2,06M,the cap shines warm,797v2
06M_798,06M,the cap sounds slow,798
06M_798v2,06M,the cap sounds slow,798v2
06M_799,06M,the fish appears dull,799
06M_799v2,06M,the fish appears dull,799v2
06M_800,06M,the fish appears gentle,800
06M_800v2,06M,the fish appears gentle,800v2
06M_801,06M,the fish appears noisy,801
06M_801v2,06M,the fish appears noisy,801v2
06M_802,06M,the fish feels clean,802
06M_802v2,06M,the fish feels clean,802v2
06M_803,06M,the fish feels fast,803
06M_803v2,06M,the fish feels fast,803v2
06M_804,06M,the fish feels peaceful,804
06M_804v2,06M,the fish feels peaceful,804v2
06M_804v3,06M,the fish feels peaceful,804v3
06M_805,06M,the fish feels strong,805
06M_805v2,06M,the fish feels strong,805v2
06M_806,06M,the fish feels warm,806
06M_807,06M,the fish looks beautiful,807
06M_807v2,06M,the fish looks beautiful,807v2
06M_808,06M,the clap sounds smooth,808
06M_809,06M,the fish looks gentle,809
06M_809v2,06M,the fish looks gentle,809v2
06M_810,06M,the fish looks heavy,810
06M_810v2,06M,the fish looks heavy,810v2
06M_811,06M,the fish looks hot,811
06M_811v2,06M,the fish looks hot,811v2
06M_812,06M,the fish looks messy,812
06M_812v2,06M,the fish looks messy,812v2
06M_813,06M,the fish looks peaceful,813
06M_813v2,06M,the fish looks peaceful,813v2
06M_814,06M,the fish looks smooth,814
06M_814v2,06M,the fish looks smooth,814v2
06M_815,06M,the fish seems bright,815
06M_815v2,06M,the fish seems bright,815v2
06M_816,06M,the fish seems cold,816
06M_816v2,06M,the fish seems cold,816v2
06M_817,06M,the hillside cascades beautifully,817
06M_818,06M,the fish seems rough,818
06M_818v2,06M,the fish seems rough,818v2
06M_819,06M,the fish shines dull,819
06M_819v2,06M,the fish shines dull,819v2
06M_820,06M,the fish shines messy,820
06M_820v2,06M,the fish shines messy,820v2
06M_821,06M,the fish shines rough,821
06M_821v2,06M,the fish shines rough,821v2
06M_822,06M,the fish shines soft,822
06M_822v2,06M,the fish shines soft,822v2
06M_823,06M,the fish sounds cold,823
06M_823v2,06M,the fish sounds cold,823v2
06M_824,06M,the fish sounds heavy,824
06M_824v2,06M,the fish sounds heavy,824v2
06M_825,06M,the fish sounds warm,825
06M_825v2,06M,the fish sounds warm,825v2
06M_826,06M,the flash appears colorful,826
06M_826v2,06M,the flash appears colorful,826v2
06M_827,06M,the flash appears noisy,827
06M_827v2,06M,the flash appears noisy,827v2
06M_828,06M,the flash appears quiet,828
06M_828v2,06M,the flash appears quiet,828v2
06M_828v3,06M,the flash appears quiet,828v3
06M_828v4,06M,the flash appears quiet,828v4
06M_829,06M,the flash appears slow,829
06M_829v2,06M,the flash appears slow,829v2
06M_830,06M,the flash appears smooth,830
06M_830v2,06M,the flash appears smooth,830v2
06M_831,06M,the flash appears strong,831
06M_831v2,06M,the flash appears strong,831v2
06M_832,06M,the flash feels hot,832
06M_832v2,06M,the flash feels hot,832v2
06M_833,06M,the flash feels messy,833
06M_833v2,06M,the flash feels messy,833v2
06M_834,06M,the flash looks bright,834
06M_834v2,06M,the flash looks bright,834v2
06M_835,06M,the flash looks colorful,835
06M_835v2,06M,the flash looks colorful,835v2
06M_836,06M,the flash looks heavy,836
06M_836v2,06M,the flash looks heavy,836v2
06M_837,06M,the flash looks hot,837
06M_837v2,06M,the flash looks hot,837v2
06M_838,06M,the flash looks like,838
06M_838v2,06M,the flash looks like,838v2
06M_839,06M,the flash looks quiet,839
06M_839v2,06M,the flash looks quiet,839v2
06M_840,06M,the flash looks smooth,840
06M_840v2,06M,the flash looks smooth,840v2
06M_841,06M,the flash seems noisy,841
06M_841v2,06M,the flash seems noisy,841v2
06M_842,06M,the flash seems shiny,842
06M_842v2,06M,the flash seems shiny,842v2
06M_843,06M,the flash seems soft,843
06M_843v2,06M,the flash seems soft,843v2
06M_844,06M,the flash shines heavy,844
06M_844v2,06M,the flash shines heavy,844v2
06M_845,06M,the flash shines peaceful,845
06M_845v2,06M,the flash shines peaceful,845v2
06M_846,06M,the flash shines smooth,846
06M_847,06M,the flash sounds heavy,847
06M_847v2,06M,the flash sounds heavy,847v2
06M_848,06M,the flush feels clean,848
06M_848v2,06M,the flush feels clean,848v2
06M_849,06M,the flush feels shiny,849
06M_849v2,06M,the flush feels shiny,849v2
06M_850,06M,the pat appears heavy,850
06M_850v2,06M,the pat appears heavy,850v2
06M_851,06M,the pat feels beautiful,851
06M_851v2,06M,the pat feels beautiful,851v2
06M_852,06M,the pat feels bright,852
06M_852v2,06M,the pat feels bright,852v2
06M_853,06M,the pat feels gentle,853
06M_853v2,06M,the pat feels gentle,853v2
06M_853v3,06M,the pat feels gentle,853v3
06M_854,06M,the pat looks clean,854
06M_854v2,06M,the pat looks clean,854v2
06M_855,06M,the pat seems colorful,855
06M_855v2,06M,the pat seems colorful,855v2
06M_856,06M,the pat seems strong,856
06M_856v2,06M,the pat seems strong,856v2
06M_857,06M,the pat seems warm,857
06M_857v2,06M,the pat seems warm,857v2
06M_858,06M,the pat shines shiny,858
06M_858v2,06M,the pat shines shiny,858v2
06M_859,06M,the pat shines warm,859
06M_859v2,06M,the pat shines warm,859v2
06M_860,06M,the pat sounds clean,860
06M_860v2,06M,the pat sounds clean,860v2
06M_860v3,06M,the pat sounds clean,860v3
06M_860v4,06M,the pat sounds clean,860v4
06M_861,06M,the pat sounds gentle,861
06M_861v2,06M,the pat sounds gentle,861v2
06M_861v3,06M,the pat sounds gentle,861v3
06M_861v4,06M,the pat sounds gentle,861v4
06M_862,06M,the pat sounds hot,862
06M_862v2,06M,the pat sounds hot,862v2
06M_863,06M,the pat feels rough,863
06M_864,06M,the pat looks quiet,864
06M_865,06M,the path seems light,865
06M_865v2,06M,the path seems light,865v2
06M_866,06M,the safe appears peaceful,866
06M_866v2,06M,the safe appears peaceful,866v2
06M_867,06M,the path feels rough,867
06M_868,06M,the safe feels cool,868
06M_868v2,06M,the safe feels cool,868v2
06M_869,06M,the safe feels slow,869
06M_869v2,06M,the safe feels slow,869v2
06M_870,06M,the safe feels soft,870
06M_870v2,06M,the safe feels soft,870v2
06M_871,06M,the safe feels strong,871
06M_871v2,06M,the safe feels strong,871v2
06M_872,06M,the safe looks gentle,872
06M_872v2,06M,the safe looks gentle,872v2
06M_872v3,06M,the safe looks gentle,872v3
06M_872v4,06M,the safe looks gentle,872v4
06M_872v5,06M,the safe looks gentle,872v5
06M_872v6,06M,the safe looks gentle,872v6
06M_873,06M,the blue feels colorful,873
06M_874,06M,the safe seems light,874
06M_874v2,06M,the safe seems light,874v2
06M_875,06M,the safe shines clean,875
06M_875v2,06M,the safe shines clean,875v2
06M_876,06M,the safe shines cool,876
06M_876v2,06M,the safe shines cool,876v2
06M_877,06M,the safe shines slow,877
06M_877v2,06M,the safe shines slow,877v2
06M_878,06M,the safe shines soft,878
06M_878v2,06M,the safe shines soft,878v2
06M_879,06M,the safe sounds hot,879
06M_879v2,06M,the safe sounds hot,879v2
06M_880,06M,the safe sounds soft,880
06M_880v2,06M,the safe sounds soft,880v2
06M_881,06M,the tap appears peaceful,881
06M_881v2,06M,the tap appears peaceful,881v2
06M_882,06M,the tap appears soft,882
06M_882v2,06M,the tap appears soft,882v2
06M_883,06M,the tap feels cold,883
06M_883v2,06M,the tap feels cold,883v2
06M_884,06M,the tap feels cool,884
06M_884v2,06M,the tap feels cool,884v2
06M_885,06M,the tap feels hot,885
06M_885v2,06M,the tap feels hot,885v2
06M_886,06M,the tap feels noisy,886
06M_886v2,06M,the tap feels noisy,886v2
06M_887,06M,the tap looks clean,887
06M_887v2,06M,the tap looks clean,887v2
06M_888,06M,the tap looks heavy,888
06M_888v2,06M,the tap looks heavy,888v2
06M_889,06M,the tap seems messy,889
06M_889v2,06M,the tap seems messy,889v2
06M_890,06M,the tap seems shiny,890
06M_890v2,06M,the tap seems shiny,890v2
06M_891,06M,the tap seems soft,891
06M_891v2,06M,the tap seems soft,891v2
06M_892,06M,the tap shines messy,892
06M_892v2,06M,the tap shines messy,892v2
06M_893,06M,the tap shines slow,893
06M_893v2,06M,the tap shines slow,893v2
06M_893v3,06M,the tap shines slow,893v3
06M_893v4,06M,the tap shines slow,893v4
06M_894,06M,the tap sounds quiet,894
06M_894v2,06M,the tap sounds quiet,894v2
06M_895,06M,the vase appears clean,895
06M_895v2,06M,the vase appears clean,895v2
06M_896,06M,the vase appears cool,896
06M_896v2,06M,the vase appears cool,896v2
06M_897,06M,the vase appears fast,897
06M_898,06M,the vase appears noisy,898
06M_898v2,06M,the vase appears noisy,898v2
06M_899,06M,the vase appears smooth,899
06M_899v2,06M,the vase appears smooth,899v2
06M_900,06M,the vase feels bright,900
06M_901,06M,the vase feels light,901
06M_901v2,06M,the vase feels light,901v2
06M_902,06M,the vase feels quiet,902
06M_902v2,06M,the vase feels quiet,902v2
06M_902v3,06M,the vase feels quiet,902v3
06M_902v4,06M,the vase feels quiet,902v4
06M_903,06M,the vase feels strong,903
06M_903v2,06M,the vase feels strong,903v2
06M_904,06M,the vase feels warm,904
06M_904v2,06M,the vase feels warm,904v2
06M_905,06M,the vase looks light,905
06M_905v2,06M,the vase looks light,905v2
06M_906,06M,the vase looks warm,906
06M_906v2,06M,the vase looks warm,906v2
06M_906v3,06M,the vase looks warm,906v3
06M_906v4,06M,the vase looks warm,906v4
06M_907,06M,the vase seems bright,907
06M_907v2,06M,the vase seems bright,907v2
06M_908,06M,the vase seems colorful,908
06M_908v2,06M,the vase seems colorful,908v2
06M_909,06M,the vase seems gentle,909
06M_909v2,06M,the vase seems gentle,909v2
06M_910,06M,the vase seems noisy,910
06M_910v2,06M,the vase seems noisy,910v2
06M_911,06M,the vase seems quiet,911
06M_911v2,06M,the vase seems quiet,911v2
06M_912,06M,the vase seems strong,912
06M_912v2,06M,the vase seems strong,912v2
06M_913,06M,the vase sounds bright,913
06M_913v2,06M,the vase sounds bright,913v2
06M_914,06M,the vase sounds heavy,914
06M_914v2,06M,the vase sounds heavy,914v2
06M_915,06M,the vase sounds light,915
06M_915v2,06M,the vase sounds light,915v2
06M_916,06M,the vase sounds noisy,916
06M_916v2,06M,the vase sounds noisy,916v2
06M_917,06M,the vase sounds rough,917
06M_917v2,06M,the vase sounds rough,917v2
06M_918,06M,the black appears cool,918
06M_918v2,06M,the black appears cool,918v2
06M_919,06M,the black feels warm,919
06M_919v2,06M,the black feels warm,919v2
06M_920,06M,the black looks heavy,920
06M_920v2,06M,the black looks heavy,920v2
06M_921,06M,the black looks peaceful,921
06M_921v2,06M,the black looks peaceful,921v2
06M_922,06M,the black looks shiny,922
06M_922v2,06M,the black looks shiny,922v2
06M_923,06M,the black seems dull,923
06M_923v2,06M,the black seems dull,923v2
06M_923v3,06M,the black seems dull,923v3
06M_924,06M,the black seems strong,924
06M_924v2,06M,the black seems strong,924v2
06M_925,06M,the black shines gentle,925
06M_925v2,06M,the black shines gentle,925v2
06M_926,06M,the black shines slow,926
06M_926v2,06M,the black shines slow,926v2
06M_927,06M,the black seems warm,927
06M_928,06M,the blue looks peaceful,928
06M_928v2,06M,the blue looks peaceful,928v2
06M_929,06M,the blue looks smooth,929
06M_929v2,06M,the blue looks smooth,929v2
06M_930,06M,the blue seems colorful,930
06M_930v2,06M,the blue seems colorful,930v2
06M_930v3,06M,the blue seems colorful,930v3
06M_930v4,06M,the blue seems colorful,930v4
06M_931,06M,the blue seems rough,931
06M_931v2,06M,the blue seems rough,931v2
06M_932,06M,the blue shines clean,932
06M_932v2,06M,the blue shines clean,932v2
06M_933,06M,the blue shines vold,933
06M_933v2,06M,the blue shines vold,933v2
06M_934,06M,the blue shines warm,934
06M_934v2,06M,the blue shines warm,934v2
06M_935,06M,the blue sounds beautiful,935
06M_935v2,06M,the blue sounds beautiful,935v2
06M_936,06M,the blue sounds noisy,936
06M_936v2,06M,the blue sounds noisy,936v2
06M_937,06M,the blue sounds strong,937
06M_937v2,06M,the blue sounds strong,937v2
06M_938,06M,the clap feels gentle,938
06M_938v2,06M,the clap feels gentle,938v2
06M_939,06M,the clap feels quiet,939
06M_939v2,06M,the clap feels quiet,939v2
06M_939v3,06M,the clap feels quiet,939v3
06M_940,06M,the clap feels shiny,940
06M_940v2,06M,the clap feels shiny,940v2
06M_941,06M,the clap looks colorful,941
06M_941v2,06M,the clap looks colorful,941v2
06M_941v3,06M,the clap looks colorful,941v3
06M_942,06M,the clap looks cool,942
06M_942v2,06M,the clap looks cool,942v2
06M_943,06M,the clap looks hot,943
06M_943v2,06M,the clap looks hot,943v2
06M_944,06M,the clap seems bright,944
06M_944v2,06M,the clap seems bright,944v2
06M_945,06M,the clap seems clean,945
06M_945v2,06M,the clap seems clean,945v2
06M_946,06M,the clap shines messy,946
06M_946v2,06M,the clap shines messy,946v2
06M_947,06M,the clap sounds smooth,947
06M_948,06M,the clap sounds heavy,948
06M_948v2,06M,the clap sounds heavy,948v2
06M_949,06M,the clap sounds light,949
06M_949v2,06M,the clap sounds light,949v2
06M_949v3,06M,the clap sounds light,949v3
06M_950,06M,the clap feels warm,950
06M_950v2,06M,the clap feels warm,950v2
06M_951,06M,the fish appears colorful,951
06M_951v2,06M,the fish appears colorful,951v2
06M_952,06M,the fish appears light,952
06M_952v2,06M,the fish appears light,952v2
06M_953,06M,the fish appears peaceful,953
06M_953v2,06M,the fish appears peaceful,953v2
06M_954,06M,the fish appears strong,954
06M_954v2,06M,the fish appears strong,954v2
06M_954v3,06M,the fish appears strong,954v3
06M_955,06M,the fish feels heavy,955
06M_955v2,06M,the fish feels heavy,955v2
06M_956,06M,the fish looks colorful,956
06M_956v2,06M,the fish looks colorful,956v2
06M_956v3,06M,the fish looks colorful,956v3
06M_956v4,06M,the fish looks colorful,956v4
06M_957,06M,the fish looks shiny,957
06M_957v2,06M,the fish looks shiny,957v2
06M_958,06M,the fish seems colorful,958
06M_958v2,06M,the fish seems colorful,958v2
06M_959,06M,the fish seems dull,959
06M_959v2,06M,the fish seems dull,959v2
06M_959v3,06M,the fish seems dull,959v3
06M_959v4,06M,the fish seems dull,959v4
06M_960,06M,the fish seems heavy,960
06M_960v2,06M,the fish seems heavy,960v2
06M_961,06M,the fish seems hot,961
06M_961v2,06M,the fish seems hot,961v2
06M_962,06M,the fish seems light,962
06M_962v2,06M,the fish seems light,962v2
06M_963,06M,the fish seems soft,963
06M_963v2,06M,the fish seems soft,963v2
06M_964,06M,the fish shines beautiful,964
06M_964v2,06M,the fish shines beautiful,964v2
06M_965,06M,the fish shines bright,965
06M_965v2,06M,the fish shines bright,965v2
06M_966,06M,the fish shines smooth,966
06M_966v2,06M,the fish shines smooth,966v2
06M_967,06M,the fish sounds dull,967
06M_967v2,06M,the fish sounds dull,967v2
06M_968,06M,the fish sounds rough,968
06M_968v2,06M,the fish sounds rough,968v2
06M_969,06M,the flash feels fast,969
06M_969v2,06M,the flash feels fast,969v2
06M_970,06M,the flash looks beautiful,970
06M_970v2,06M,the flash looks beautiful,970v2
06M_971,06M,the flash seems heavy,971
06M_972,06M,the flash seems hot,972
06M_972v2,06M,the flash seems hot,972v2
06M_973,06M,the flash seems messy,973
06M_973v2,06M,the flash seems messy,973v2
06M_974,06M,the flash shines noisy,974
06M_974v2,06M,the flash shines noisy,974v2
06M_975,06M,the flash sounds cold,975
06M_975v2,06M,the flash sounds cold,975v2
06M_976,06M,the flash sounds fast,976
06M_976v2,06M,the flash sounds fast,976v2
06M_977,06M,the flash sounds light,977
06M_977v2,06M,the flash sounds light,977v2
06M_978,06M,the flash sounds smooth,978
06M_978v2,06M,the flash sounds smooth,978v2
06M_979,06M,the glide appears quiet,979
06M_979v2,06M,the glide appears quiet,979v2
06M_979v3,06M,the glide appears quiet,979v3
06M_980,06M,the glide feels heavy,980
06M_980v2,06M,the glide feels heavy,980v2
06M_980v3,06M,the glide feels heavy,980v3
06M_981,06M,the glide feels light,981
06M_982,06M,the glide looks fast,982
06M_982v2,06M,the glide looks fast,982v2
06M_982v3,06M,the glide looks fast,982v3
06M_983,06M,the glide looks light,983
06M_983v2,06M,the glide looks light,983v2
06M_983v3,06M,the glide looks light,983v3
06M_984,06M,the glide seems cold,984
06M_984v2,06M,the glide seems cold,984v2
06M_984v3,06M,the glide seems cold,984v3
06M_985,06M,the glide shines colorful,985
06M_985v2,06M,the glide shines colorful,985v2
06M_986,06M,the glide shines cool,986
06M_986v2,06M,the glide shines cool,986v2
06M_987,06M,the glide sound smooth,987
06M_987v2,06M,the glide sound smooth,987v2
06M_988,06M,the glide sounds beautiful,988
06M_988v2,06M,the glide sounds beautiful,988v2
06M_989,06M,the safe appears quiet,989
06M_989v2,06M,the safe appears quiet,989v2
06M_990,06M,the safe appears slow,990
06M_990v2,06M,the safe appears slow,990v2
06M_990v3,06M,the safe appears slow,990v3
06M_990v4,06M,the safe appears slow,990v4
06M_991,06M,the safe looks fast,991
06M_991v2,06M,the safe looks fast,991v2
06M_991v3,06M,the safe looks fast,991v3
06M_991v4,06M,the safe looks fast,991v4
06M_992,06M,the moon looks rough,992
06M_993,06M,the safe looks light,993
06M_993v2,06M,the safe looks light,993v2
06M_994,06M,the safe looks slow,994
06M_994v2,06M,the safe looks slow,994v2
06M_995,06M,the safe looks strong,995
06M_995v2,06M,the safe looks strong,995v2
06M_996,06M,the safe seems gentle,996
06M_996v2,06M,the safe seems gentle,996v2
06M_997,06M,the safe shines heavy,997
06M_997v2,06M,the safe shines heavy,997v2
06M_998,06M,the safe shines light,998
06M_998v2,06M,the safe shines light,998v2
06M_999,06M,the safe shines warm,999
06M_999v2,06M,the safe shines warm,999v2
06M_1000,06M,the vase appears fast,1000
06M_1000v2,06M,the vase appears fast,1000v2
06M_1000v3,06M,the vase appears fast,1000v3
06M_1001,06M,the vase appears heavy,1001
06M_1001v2,06M,the vase appears heavy,1001v2
06M_1002,06M,the vase appears quiet,1002
06M_1002v2,06M,the vase appears quiet,1002v2
06M_1003,06M,the vase feels bright,1003
06M_1003v2,06M,the vase feels bright,1003v2
06M_1003v3,06M,the vase feels bright,1003v3
06M_1004,06M,the vase feels messy,1004
06M_1004v2,06M,the vase feels messy,1004v2
06M_1005,06M,the vase feels noisy,1005
06M_1005v2,06M,the vase feels noisy,1005v2
06M_1006,06M,the vase feels rough,1006
06M_1006v2,06M,the vase feels rough,1006v2
06M_1007,06M,the vase feels soft,1007
06M_1007v2,06M,the vase feels soft,1007v2
06M_1008,06M,the vase looks clean,1008
06M_1008v2,06M,the vase looks clean,1008v2
06M_1009,06M,the vase looks gentle,1009
06M_1009v2,06M,the vase looks gentle,1009v2
06M_1010,06M,the vase looks strong,1010
06M_1010v2,06M,the vase looks strong,1010v2
06M_1011,06M,the vase seems clean,1011
06M_1011v2,06M,the vase seems clean,1011v2
06M_1012,06M,the vase seems heavy,1012
06M_1012v2,06M,the vase seems heavy,1012v2
06M_1013,06M,the vase sounds beautiful,1013
06M_1013v2,06M,the vase sounds beautiful,1013v2
06M_1014,06M,the vase sounds warm,1014
06M_1014v2,06M,the vase sounds warm,1014v2
06M_1015,06M,the black feels dull,1015
06M_1015v2,06M,the black feels dull,1015v2
06M_1016,06M,the clap seems soft,1016
06M_1017,06M,the clap feels strong,1017
06M_1018,06M,the black sounds strong,1018
06M_1019,06M,the blue shines heavy,1019
06M_1020,06M,the glide sounds fast,1020
06M_1021,06M,the black shines colorful,1021
06M_1022,06M,the black feels light,1022
06M_1023,06M,the clap looks heavy,1023
06M_1024,06M,the black appears slow,1024
06M_1025,06M,the clap shines quiet,1025
06M_1026,06M,the black appears messy,1026
06M_1027,06M,the clap sounds strong,1027
06M_1028,06M,the blue appears fast,1028
06M_1029,06M,the glide looks hot,1029
06M_1030,06M,the black sounds warm,1030
06M_1030v2,06M,the black sounds warm,1030v2
06M_1030v3,06M,the black sounds warm,1030v3
06M_1031,06M,the clap shines clean,1031
06M_1032,06M,the glide appears strong,1032
06M_1032v2,06M,the glide appears strong,1032v2
06M_1033,06M,the blue appears beautiful,1033
06M_1034,06M,the clap shines bright,1034
06M_1035,06M,the blue shines fast,1035
06M_1036,06M,the clap seems warm,1036
06M_1037,06M,the blue looks beautiful,1037
06M_1038,06M,the glide appears cool,1038
06M_1039,06M,the glide feels dull,1039
06M_1040,06M,the glide seems soft,1040
06M_1041,06M,the clap appears warm,1041
06M_1042,06M,the blue looks dull,1042
06M_1043,06M,the blue shines cold,1043
06M_1044,06M,the glide feels colorful,1044
06M_1045,06M,the black feels rough,1045
06M_1046,06M,the blue shines cool,1046
06M_1047,06M,the black seems slow,1047
06M_1048,06M,the glide feels noisy,1048
06M_1048v2,06M,the glide feels noisy,1048v2
06M_1049,06M,the black seems rough,1049
06M_1050,06M,the clap shines soft,1050
06M_1051,06M,the blue looks shiny,1051
06M_1052,06M,the black looks slow,1052
06M_1053,06M,the blue looks heavy,1053
06M_1054,06M,the clap feels fast,1054
06M_1055,06M,the black sounds fast,1055
06M_1056,06M,the blue looks colorful,1056
06M_1057,06M,the clap looks noisy,1057
06M_1058,06M,the clap sounds gentle,1058
06M_1058v2,06M,the clap sounds gentle,1058v2
06M_1059,06M,the black shines dull,1059
06M_1060,06M,the blue shines smooth,1060
06M_1061,06M,the clap looks shiny,1061
06M_1062,06M,the clap looks messy,1062
06M_1063,06M,the clap appears messy,1063
06M_1064,06M,the glide seems colorful,1064
06M_1065,06M,the clap appears clean,1065
06M_1066,06M,the clap appears soft,1066
06M_1067,06M,the glide seems shiny,1067
06M_1067v2,06M,the glide seems shiny,1067v2
06M_1068,06M,the black looks hot,1068
06M_1069,06M,the black seems gentle,1069
06M_1070,06M,the clap seems gentle,1070
06M_1071,06M,the blue sounds heavy,1071
06M_1072,06M,the blue shines colorful,1072
06M_1072v2,06M,the blue shines colorful,1072v2
06M_1073,06M,the glide shines light,1073
06M_1074,06M,the glide looks cold,1074
06M_1074v2,06M,the glide looks cold,1074v2
06M_1075,06M,the glide looks smooth,1075
06M_1076,06M,the blue seems gentle,1076
06M_1077,06M,the blue looks messy,1077
06M_1078,06M,the glide sounds bright,1078
06M_1078v2,06M,the glide sounds bright,1078v2
06M_1079,06M,the black looks dull,1079
06M_1080,06M,the black feels strong,1080
06M_1081,06M,the blue shines hot,1081
06M_1082,06M,the clap feels beautiful,1082
06M_1083,06M,the glide seems fast,1083
06M_1084,06M,the glide appears gentle,1084
06M_1084v2,06M,the glide appears gentle,1084v2
06M_1085,06M,the blue appears clean,1085
06M_1086,06M,the blue shine dull,1086
06M_1087,06M,the clap feels hot,1087
06M_1088,06M,the black shines rough,1088
06M_1089,06M,the glide seems smooth,1089
06M_1090,06M,the clap appears cold,1090
06M_1091,06M,the clap shines slow,1091
06M_1092,06M,the nine shines noisy,1092
06M_1093,06M,the name feels hot,1093
06M_1094,06M,the black feels soft,1094
06M_1095,06M,the black seems soft,1095
06M_1096,06M,the black feels messy,1096
06M_1097,06M,the glide looks bright,1097
06M_1098,06M,the black feels colorful,1098
06M_1099,06M,the sounds hot,1099
06M_1100,06M,the glide feels hot,1100
06M_1100v2,06M,the glide feels hot,1100v2
06M_1101,06M,the man seems heavy,1101
06M_1102,06M,the clap looks beautiful,1102
06M_1103,06M,the blue seems bright,1103
06M_1104,06M,the night feels clean,1104
06M_1105,06M,the name looks bright,1105
06M_1106,06M,the man looks smooth,1106
06M_1107,06M,the name seems light,1107
06M_1108,06M,the moon feels peaceful,1108
06M_1108v2,06M,the moon feels peaceful,1108v2
06M_1109,06M,the moon seems hot,1109
06M_1110,06M,the nine seem smooth,1110
06M_1111,06M,the night feels strong,1111
06M_1112,06M,the man looks colorful,1112
06M_1113,06M,the man shines strong,1113
06M_1114,06M,the name appears gentle,1114
06M_1115,06M,the man feels hot,1115
06M_1115v2,06M,the man feels hot,1115v2
06M_1116,06M,the name appears peaceful,1116
06M_1117,06M,the moon sounds messy,1117
06M_1118,06M,the name sounds messy,1118
06M_1119,06M,the nine seems shiny,1119
06M_1120,06M,the man appears strong,1120
06M_1121,06M,the moon looks shiny,1121
06M_1122,06M,the moon feels shiny,1122
06M_1123,06M,the moon sounds noisy,1123
06M_1124,06M,the moon appears soft,1124
06M_1125,06M,the moon looks fast,1125
06M_1126,06M,the name feels light,1126
06M_1127,06M,the name looks quiet,1127
06M_1128,06M,the name shines rough,1128
06M_1129,06M,the nine looks dull,1129
06M_1130,06M,the nine appear messy,1130
06M_1130v2,06M,the nine appear messy,1130v2
06M_1131,06M,the nine appears gentle,1131
06M_1132,06M,the moon looks gentle,1132
06M_1133,06M,the man sounds cool,1133
06M_1134,06M,the man feels bright,1134
06M_1135,06M,the man seems beautiful,1135
06M_1136,06M,the name feels warm,1136
06M_1137,06M,the name looks colorful,1137
06M_1138,06M,the nine looks slow,1138
06M_1139,06M,the nine sounds beautiful,1139
06M_1140,06M,the name sounds slow,1140
06M_1141,06M,the nine looks warm,1141
06M_1142,06M,the name shines dull,1142
06M_1143,06M,the nine seems messy,1143
06M_1144,06M,the forest path stretches endlessly,1144
06M_1145,06M,the waterfall sprays lightly,1145
06M_1146,06M,the waterfall sparkles daringly,1146
06M_1147,06M,the waterfall mists faintly,1147
06M_1148,06M,the valley unfolds gently,1148
06M_1149,06M,the valley stretches expansively,1149
06M_1150,06M,the valley form crest calmly,1150
06M_1151,06M,the valley deepens evenly,1151
06M_1152,06M,the valley brightens quietly,1152
06M_1153,06M,the treeline fades subtly,1153
06M_1154,06M,the treeline vanishes smoothly,1154
06M_1155,06M,the tree tops sway strongly,1155
06M_1156,06M,the tree roots firmly,1156
06M_1157,06M,the tree crowns elegantly,1157
06M_1158,06M,the tide pool sparkles brightly,1158
06M_1159,06M,the tide ebbs silently,1159
06M_1160,06M,the tide ebbs rhythmically,1160
06M_1161,06M,the tide curls repeatedly,1161
06M_1162,06M,the sunlight streaks warmly,1162
06M_1163,06M,the sunlight filters artistically,1163
06M_1164,06M,the sunlight dapples artistically,1164
06M_1165,06M,the summit stands proudly,1165
06M_1166,06M,the stream twists effortlessly,1166
06M_1167,06M,the stream bubbles playfully,1167
06M_1168,06M,the steam narrows peacefully,1168
06M_1168v2,06M,the steam narrows peacefully,1168v2
06M_1169,06M,the starlight twinkles quietly,1169
06M_1170,06M,the snowfields spread expansively,1170
06M_1171,06M,the snowfields shine dazzlingly,1171
06M_1172,06M,the snowdrift gleams crisply,1172
06M_1173,06M,the snowdrift sparkles brightly,1173
06M_1174,06M,the snow bag rises coldly,1174
06M_1175,06M,the shoreline shimmers lightly,1175
06M_1176,06M,the shoreline ripples patiently,1176
06M_1177,06M,the savannah teems vibrantly,1177
06M_1178,06M,the riverbed gleams dimly,1178
06M_1179,06M,the river splashes rhythmically,1179
06M_1180,06M,the river current flows rapidly,1180
06M_1181,06M,the river carves cleanly,1181
06M_1182,06M,the river bank rises sharply,1182
06M_1183,06M,the raven winds adventurously,1183
06M_1184,06M,the raindrops splatter loudly,1184
06M_1185,06M,the rain gathers slowly,1185
06M_1186,06M,the rain clouds spread darkly,1186
06M_1187,06M,the peak glows brilliantly,1187
06M_1188,06M,the mountain ridge glows dramatically,1188
06M_1189,06M,the mountain mist rises mystically,1189
06M_1190,06M,the mountain extends broadly,1190
06M_1191,06M,the moonrise illuminates clearly,1191
06M_1192,06M,the moonbeam shines gently,1192
06M_1193,06M,the mist lifts gently,1193
06M_1194,06M,the meadow whispers gently,1194
06M_1195,06M,the meadow sways freely,1195
06M_1196,06M,the meadow hums with energy,1196
06M_1197,06M,the meadow buzzes faintly,1197
06M_1198,06M,the lake glows serenely,1198
06M_1199,06M,the lagoon reflects brightly,1199
06M_1200,06M,the hilltop basks warmly,1200
06M_1201,06M,the hill slope softens naturally,1201
06M_1202,06M,the hill rises gently,1202
06M_1203,06M,the healsock softens pleasantly,1203
06M_1204,06M,the grove vibrates richly,1204
06M_1205,06M,the grove deepens gracefully,1205
06M_1206,06M,the grasslands rustle briskly,1206
06M_1207,06M,the grassland moves fluently,1207
06M_1208,06M,the grassland flourishes richly,1208
06M_1209,06M,the glacier gleams coldly,1209
06M_1210,06M,the glacier creeps steadily,1210
06M_1211,06M,the frost glistens crisply,1211
06M_1212,06M,the frog drapes softly,1212
06M_1213,06M,the forest floor softens gradually,1213
06M_1214,06M,the forest canopy dims faintly,1214
06M_1215,06M,the fog settles thickly,1215
06M_1216,06M,the first whispers calmly,1216
06M_1217,06M,the dune ridge undulates naturally,1217
06M_1218,06M,the dune crest stretches boldly,1218
06M_1219,06M,the dune crest shifts unpredictably,1219
06M_1220,06M,the desert hums endlessly,1220
06M_1221,06M,the creekbed harmoniously,1221
06M_1222,06M,the clouds disperse smoothly,1222
06M_1223,06M,the cloudbank lingers hesitantly,1223
06M_1224,06M,the cloud layer thickens evenly,1224
06M_1225,06M,the cliffside holds securely,1225
06M_1226,06M,the cliffs loom unshakably,1226
06M_1227,06M,the cliff edge sharply,1227
06M_1228,06M,the cliff edge cuts cleanly,1228
06M_1229,06M,the canyon walls loom dramatically,1229
06M_1230,06M,the canyon walls gleam proudly,1230
06M_1231,06M,the canyon depends naturally,1231
06M_1232,06M,the canon echoes hauntingly,1232
06M_1233,06M,the brook winds intricately,1233
06M_1234,06M,the brook whispers perpetually,1234
06M_1235,06M,the brook murmurs tenderly,1235
06M_1236,06M,the brook leaps cheerfully,1236
06M_1237,06M,the bay narrows surprisingly,1237
06M_1238,06M,the bay curls fluidly,1238
06M_1239,06M,the autumn leaves scatter vividly,1239
06M_1240,06M,the waterfall plunges dramatically,1240
06M_1241,06M,the ridgeline sharpens dramatically,1241
06M_1242,06M,the wind curls dynamically,1242
06M_1242v2,06M,the wind curls dynamically,1242v2
06M_1243,06M,the wave crest sharply,1243
06M_1244,06M,the valley stretches boldly,1244
06M_1244v2,06M,the valley stretches boldly,1244v2
06M_1245,06M,the valley floor sparkles brightly,1245
06M_1246,06M,the twilight sky glows serenely,1246
06M_1247,06M,the twilight fades tenderly,1247
06M_1247v2,06M,the twilight fades tenderly,1247v2
06M_1248,06M,the tundra spread silently,1248
06M_1249,06M,the tide rises steadily,1249
06M_1250,06M,the tide recedes calmly,1250
06M_1251,06M,the sunlight pours gently,1251
06M_1251v2,06M,the sunlight pours gently,1251v2
06M_1252,06M,the sunlight filters warmly,1252
06M_1252v2,06M,the sunlight filters warmly,1252v2
06M_1253,06M,the sunlight dapples evenly,1253
06M_1253v2,06M,the sunlight dapples evenly,1253v2
06M_1253v3,06M,the sunlight dapples evenly,1253v3
06M_1254,06M,the stream narrows quietly,1254
06M_1254v2,06M,the stream narrows quietly,1254v2
06M_1255,06M,the stream bubbles happily,1255
06M_1255v2,06M,the stream bubbles happily,1255v2
06M_1256,06M,the storm clouds Strom ominously,1256
06M_1256v2,06M,the storm clouds Strom ominously,1256v2
06M_1257,06M,the starry sky spreads infinitely,1257
06M_1258,06M,the shoreline stretches jaggedly,1258
06M_1258v2,06M,the shoreline stretches jaggedly,1258v2
06M_1259,06M,the savanna stretches endlessly,1259
06M_1260,06M,the sandbank shifts constantly,1260
06M_1261,06M,the riverbank teems vividly,1261
06M_1261v2,06M,the riverbank teems vividly,1261v2
06M_1262,06M,the river edge glows warmly,1262
06M_1263,06M,the Ridgeline tapers sharply,1263
06M_1263v2,06M,the Ridgeline tapers sharply,1263v2
06M_1264,06M,the ravine echoes faintly,1264
06M_1264v2,06M,the ravine echoes faintly,1264v2
06M_1265,06M,the ravine deepens impressively,1265
06M_1266,06M,the rainforest teems actively,1266
06M_1267,06M,the raincloud thickens evenly,1267
06M_1268,06M,the rain tickles endlessly,1268
06M_1269,06M,the overhang shades dimly,1269
06M_1270,06M,the overhang looms precariously,1270
06M_1270v2,06M,the overhang looms precariously,1270v2
06M_1271,06M,the mountain ridge reflects clearly,1271
06M_1271v2,06M,the mountain ridge reflects clearly,1271v2
06M_1272,06M,the mountain air chill breezy,1272
06M_1273,06M,the morning mist settles lightly,1273
06M_1274,06M,the moonlit shores glow faintly,1274
06M_1275,06M,the moonlit path winds mysteriously,1275
06M_1275v2,06M,the moonlit path winds mysteriously,1275v2
06M_1276,06M,the moonbeam touches softly,1276
06M_1276v2,06M,the moonbeam touches softly,1276v2
06M_1277,06M,the misty peaks vanishes quietly,1277
06M_1278,06M,the mist rolls thickly,1278
06M_1279,06M,the meadows edge gers faintly,1279
06M_1279v2,06M,the meadows edge gers faintly,1279v2
06M_1280,06M,the meadow burst brightly,1280
06M_1280v2,06M,the meadow burst brightly,1280v2
06M_1281,06M,the marshland glows subtly,1281
06M_1281v2,06M,the marshland glows subtly,1281v2
06M_1282,06M,the horizon blends smoothly,1282
06M_1282v2,06M,the horizon blends smoothly,1282v2
06M_1283,06M,the hilltop reveals vividly,1283
06M_1284,06M,the hillside dips steeply,1284
06M_1285,06M,the hillside blooms energetically,1285
06M_1286,06M,the Highland breath freshly,1286
06M_1287,06M,the grove thrives healthily,1287
06M_1288,06M,the grove shimmers gently,1288
06M_1289,06M,the grove expands naturally,1289
06M_1289v2,06M,the grove expands naturally,1289v2
06M_1290,06M,the glade opens serenely,1290
06M_1291,06M,the glacier cracks loudly,1291
06M_1292,06M,the garden thrives vibrantly,1292
06M_1293,06M,the forest understory thrives quietly,1293
06M_1294,06M,the forest edge darkens steadily,1294
06M_1295,06M,the foothills fade gradually,1295
06M_1295v2,06M,the foothills fade gradually,1295v2
06M_1296,06M,the foothill shadows lengthen softly,1296
06M_1297,06M,the floodplain stretches boundlessly,1297
06M_1297v2,06M,the floodplain stretches boundlessly,1297v2
06M_1298,06M,the evergreen stands robustly,1298
06M_1299,06M,the dune shifts gracefully,1299
06M_1300,06M,the dune dips smoothly,1300
06M_1301,06M,the dune crest shines starkly,1301
06M_1301v2,06M,the dune crest shines starkly,1301v2
06M_1302,06M,the creek cascades melodiously,1302
06M_1302v2,06M,the creek cascades melodiously,1302v2
06M_1303,06M,the cove shelters cosily,1303
06M_1304,06M,the cliffside juts dramatically,1304
06M_1304v2,06M,the cliffside juts dramatically,1304v2
06M_1305,06M,the cliffside holds sturdily,1305
06M_1305v2,06M,the cliffside holds sturdily,1305v2
06M_1306,06M,the canyon trail weaves playfully,1306
06M_1306v2,06M,the canyon trail weaves playfully,1306v2
06M_1307,06M,the canyon floor reverberates softly,1307
06M_1308,06M,the brook bends slightly,1308
06M_1309,06M,the breeze lifts gently,1309
06M_1310,06M,the boulder nestles snugly,1310
06M_1311,06M,the bay curves gracefully,1311
06M_1312,06M,the aurora dances vividly,1312
06M_1313,06M,the alpine invigorates sharply,1313
06M_1313v2,06M,the alpine invigorates sharply,1313v2
06M_1314,06M,the wind flows freely,1314
06M_1315,06M,the wind blows swiftly,1315
06M_1316,06M,the water splashes faintly,1316
06M_1317,06M,the water gleams faintly,1317
06M_1318,06M,the water drips softly,1318
06M_1319,06M,the water bubbles lightly,1319
06M_1319v2,06M,the water bubbles lightly,1319v2
06M_1320,06M,the tree roots deeply,1320
06M_1321,06M,the tree grows firmly,1321
06M_1322,06M,the tree branches widely,1322
06M_1323,06M,the tree bends smoothly,1323
06M_1323v2,06M,the tree bends smoothly,1323v2
06M_1324,06M,the trail narrows sharply,1324
06M_1325,06M,the trail deepens naturally,1325
06M_1325v2,06M,the trail deepens naturally,1325v2
06M_1326,06M,the trail curves faintly,1326
06M_1326v2,06M,the trail curves faintly,1326v2
06M_1327,06M,the sun illuminates sharply,1327
06M_1328,06M,the sun burns brightly,1328
06M_1329,06M,the sun arcs brightly,1329
06M_1329v2,06M,the sun arcs brightly,1329v2
06M_1330,06M,the stone rests heavily,1330
06M_1330v2,06M,the stone rests heavily,1330v2
06M_1331,06M,the stars shine vividly,1331
06M_1331v2,06M,the stars shine vividly,1331v2
06M_1332,06M,the stars flicker briefly,1332
06M_1333,06M,the stars brighten faintly,1333
06M_1333v2,06M,the stars brighten faintly,1333v2
06M_1334,06M,the snow piles thickly,1334
06M_1335,06M,the snow glitters softly,1335
06M_1336,06M,the snow glimmers lightly,1336
06M_1337,06M,the snow falls faintly,1337
06M_1337v2,06M,the snow falls faintly,1337v2
06M_1338,06M,the sky glows softly,1338
06M_1339,06M,the sky glows intensely,1339
06M_1340,06M,the skies fade dimly,1340
06M_1341,06M,the sea reflects softly,1341
06M_1342,06M,the sea ebbs faintly,1342
06M_1342v2,06M,the sea ebbs faintly,1342v2
06M_1343,06M,the sand shifts sharply,1343
06M_1344,06M,the sand flows slowly,1344
06M_1345,06M,the sand drifts gracefully,1345
06M_1345v2,06M,the sand drifts gracefully,1345v2
06M_1346,06M,the river wind naturally,1346
06M_1346v2,06M,the river wind naturally,1346v2
06M_1347,06M,the river cuts sharply,1347
06M_1348,06M,the path rises slowly,1348
06M_1349,06M,the path opens smoothly,1349
06M_1350,06M,the mountain echoes boldly,1350
06M_1351,06M,the mountain peaks brightly,1351
06M_1352,06M,the mountain looms quietly,1352
06M_1353,06M,the leaves twist gently,1353
06M_1354,06M,the leaves turn brightly,1354
06M_1355,06M,The leaves crunch faintly,1355
06M_1356,06M,the leaves scatter brightly,1356
06M_1356v2,06M,the leaves scatter brightly,1356v2
06M_1357,06M,the hill stretches broadly,1357
06M_1358,06M,The ground feels solid,1358
06M_1358v2,06M,The ground feels solid,1358v2
06M_1359,06M,the ground feels rugged,1359
06M_1360,06M,the ground absorbs slowly,1360
06M_1361,06M,the forest thickens naturally,1361
06M_1361v2,06M,the forest thickens naturally,1361v2
06M_1362,06M,the forest spreads deeply,1362
06M_1363,06M,the forest moves quietly,1363
06M_1364,06M,the forest expands softly,1364
06M_1365,06M,the flame flickers intensely,1365
06M_1366,06M,the flame dims faintly,1366
06M_1366v2,06M,the flame dims faintly,1366v2
06M_1367,06M,the flame dims brightly,1367
06M_1368,06M,the flame crackles sharply,1368
06M_1369,06M,the flame burst brightly,1369
06M_1369v2,06M,the flame burst brightly,1369v2
06M_1370,06M,the flame burns strongly,1370
06M_1371,06M,the first vibrates softly,1371
06M_1371v2,06M,the first vibrates softly,1371v2
06M_1372,06M,the cloud thins brightly,1372
06M_1373,06M,the cloud hovers calmly,1373
06M_1373v2,06M,the cloud hovers calmly,1373v2
06M_1374,06M,the cloud drift widely,1374
06M_1374v2,06M,the cloud drift widely,1374v2
06M_1375,06M,the breeze stirs quietly,1375
06M_1375v2,06M,the breeze stirs quietly,1375v2
06M_1376,06M,the breeze slows gradually,1376
06M_1376v2,06M,the breeze slows gradually,1376v2
06M_1377,06M,the breeze hums evenly,1377
06M_1377v2,06M,the breeze hums evenly,1377v2
06M_1378,06M,the breeze bends lightly,1378
06M_1379,06M,the air clears gently,1379
06M_1380,06M,the trail narrows smoothly,1380
06M_1380v2,06M,the trail narrows smoothly,1380v2
06M_1381,06M,the snow settles gently,1381
06M_1382,06M,the water churns briskly,1382
06M_1382v2,06M,the water churns briskly,1382v2
06M_1383,06M,the star glows deeply,1383
06M_1384,06M,the rivers twist faintly,1384
06M_1385,06M,the mountain casts shadows,1385
06M_1386,06M,the cloud brightens lightly,1386
06M_1387,06M,the air flows gently,1387
06M_1388,06M,the tree rises gently,1388
